Movie_Name,Emotions
Subtitles_Final_Dataset/NonViolence Subtitles\6Underground1.txt,"['Happy', 'Sad', 'Surprise', 'Happy', 'Fear', 'Happy', 'Fear', 'Happy', 'Happy', 'Surprise', 'Surprise', 'Happy', 'Happy', 'Happy', 'Surprise', 'Fear', 'Happy', 'Sad', 'Angry', 'Happy', 'Happy', 'Surprise']"
Subtitles_Final_Dataset/NonViolence Subtitles\6Underground10.txt,"['Surprise', 'Happy', 'Happy', 'Happy', 'Happy', 'Surprise', 'Fear', 'Happy', 'Happy', 'Fear', 'Happy', 'Surprise', 'Fear', 'Happy', 'Happy', 'Happy', 'Sad', 'Happy', 'Happy', 'Happy', 'Happy', 'Surprise', 'Happy', 'Angry', 'Sad', 'Happy', 'Sad', 'Sad', 'Surprise', 'Happy', 'Happy', 'Happy', 'Happy', 'Happy', 'Happy', 'Surprise', 'Fear', 'Happy', 'Sad', 'Sad', 'Happy', 'Happy', 'Fear', 'Sad', 'Happy', 'Happy', 'Happy', 'Fear', 'Happy']"
Subtitles_Final_Dataset/NonViolence Subtitles\6Underground11.txt,"['Surprise', 'Fear', 'Sad', 'Happy', 'Happy', 'Happy', 'Fear', 'Sad', 'Happy', 'Surprise', 'Angry', 'Happy', 'Surprise', 'Happy', 'Angry', 'Happy', 'Sad', 'Happy', 'Fear', 'Happy', 'Surprise', 'Happy', 'Fear', 'Happy', 'Happy', 'Fear', 'Happy', 'Happy', 'Happy', 'Happy', 'Surprise', 'Happy', 'Happy', 'Happy', 'Happy', 'Fear', 'Happy', 'Happy', 'Happy']"
Subtitles_Final_Dataset/NonViolence Subtitles\6Underground2.txt,"['Happy', 'Happy', 'Happy', 'Sad', 'Happy', 'Sad', 'Happy', 'Surprise', 'Surprise', 'Surprise', 'Happy', 'Surprise', 'Happy', 'Happy', 'Happy', 'Surprise', 'Happy', 'Fear', 'Happy', 'Happy', 'Happy', 'Surprise', 'Surprise', 'Sad', 'Happy', 'Happy']"
Subtitles_Final_Dataset/NonViolence Subtitles\6Underground3.txt,"['Surprise', 'Sad', 'Happy', 'Happy', 'Happy', 'Surprise', 'Happy', 'Sad', 'Sad', 'Happy', 'Surprise', 'Sad', 'Happy', 'Happy', 'Happy', 'Sad', 'Happy', 'Surprise', 'Surprise', 'Surprise', 'Happy', 'Sad', 'Fear', 'Surprise', 'Happy', 'Surprise', 'Sad', 'Surprise']"
Subtitles_Final_Dataset/NonViolence Subtitles\6Underground4.txt,"['Happy', 'Sad', 'Happy', 'Happy', 'Sad', 'Happy', 'Surprise', 'Fear', 'Happy', 'Sad', 'Happy', 'Surprise', 'Fear', 'Fear', 'Happy', 'Happy', 'Fear', 'Sad', 'Sad', 'Happy', 'Fear', 'Happy', 'Fear', 'Sad', 'Happy', 'Happy', 'Happy', 'Surprise', 'Sad', 'Sad', 'Surprise', 'Angry', 'Surprise', 'Happy', 'Happy', 'Happy', 'Happy']"
Subtitles_Final_Dataset/NonViolence Subtitles\6Underground5.txt,"['Surprise', 'Surprise', 'Happy', 'Happy', 'Happy', 'Sad', 'Fear', 'Happy', 'Fear', 'Happy', 'Happy', 'Sad', 'Happy', 'Happy', 'Happy', 'Happy', 'Fear', 'Happy', 'Happy', 'Angry', 'Surprise', 'Happy', 'Fear', 'Surprise', 'Happy', 'Fear', 'Fear', 'Happy', 'Sad', 'Angry', 'Happy', 'Sad', 'Happy', 'Angry', 'Surprise', 'Fear', 'Happy', 'Happy', 'Fear', 'Fear', 'Happy', 'Happy', 'Surprise', 'Happy', 'Sad', 'Happy', 'Happy', 'Angry', 'Surprise', 'Happy', 'Surprise', 'Happy', 'Happy', 'Sad', 'Happy', 'Surprise', 'Happy', 'Happy', 'Fear', 'Sad', 'Happy', 'Happy', 'Happy', 'Fear', 'Surprise', 'Sad', 'Sad', 'Fear', 'Sad', 'Fear', 'Happy', 'Angry', 'Sad', 'Happy', 'Surprise', 'Angry', 'Surprise', 'Sad', 'Angry', 'Happy', 'Surprise', 'Surprise', 'Surprise', 'Fear', 'Happy', 'Happy', 'Happy', 'Happy', 'Happy', 'Happy', 'Happy', 'Surprise', 'Sad']"
Subtitles_Final_Dataset/NonViolence Subtitles\6Underground6.txt,"['Happy', 'Fear', 'Fear', 'Surprise', 'Happy', 'Sad', 'Sad', 'Surprise', 'Happy', 'Happy', 'Sad', 'Happy', 'Happy', 'Sad', 'Happy', 'Fear', 'Happy', 'Angry', 'Sad', 'Happy', 'Happy', 'Happy', 'Surprise', 'Surprise', 'Happy', 'Fear', 'Sad', 'Sad', 'Fear', 'Happy', 'Angry', 'Sad', 'Sad', 'Sad', 'Happy', 'Fear', 'Sad']"
Subtitles_Final_Dataset/NonViolence Subtitles\6Underground7.txt,"['Happy', 'Angry', 'Happy', 'Happy', 'Happy', 'Happy', 'Sad', 'Sad', 'Sad', 'Happy', 'Surprise', 'Happy', 'Happy', 'Happy', 'Happy', 'Happy', 'Angry', 'Happy', 'Surprise', 'Surprise', 'Angry', 'Fear', 'Surprise', 'Happy', 'Happy', 'Surprise', 'Happy', 'Sad', 'Happy', 'Happy', 'Happy', 'Sad', 'Fear', 'Surprise', 'Fear', 'Happy', 'Surprise', 'Sad', 'Happy', 'Happy', 'Fear', 'Sad', 'Happy', 'Sad', 'Happy', 'Surprise', 'Sad', 'Fear', 'Fear', 'Surprise', 'Happy', 'Happy', 'Surprise', 'Happy', 'Happy', 'Happy', 'Happy', 'Surprise', 'Happy', 'Happy', 'Happy', 'Happy', 'Happy', 'Surprise', 'Happy']"
Subtitles_Final_Dataset/NonViolence Subtitles\6Underground8.txt,"['Happy', 'Happy', 'Fear', 'Surprise', 'Happy', 'Surprise', 'Fear', 'Happy', 'Happy', 'Fear', 'Happy', 'Happy', 'Happy', 'Happy', 'Happy', 'Happy', 'Surprise', 'Surprise', 'Surprise', 'Happy', 'Happy', 'Happy', 'Happy', 'Happy', 'Happy', 'Happy']"
Subtitles_Final_Dataset/NonViolence Subtitles\6Underground9.txt,"['Happy', 'Happy', 'Happy', 'Happy', 'Happy', 'Happy', 'Happy', 'Happy', 'Happy', 'Sad', 'Fear', 'Sad', 'Happy', 'Surprise', 'Happy', 'Happy', 'Happy', 'Happy', 'Happy', 'Sad', 'Surprise', 'Happy', 'Happy', 'Angry', 'Happy', 'Fear', 'Fear', 'Happy', 'Happy', 'Happy', 'Happy', 'Fear', 'Sad']"
Subtitles_Final_Dataset/NonViolence Subtitles\casinoroyal1.txt,"['Surprise', 'Surprise', 'Sad', 'Happy', 'Fear', 'Sad', 'Happy', 'Happy', 'Happy', 'Fear', 'Happy', 'Surprise', 'Fear', 'Fear', 'Surprise', 'Angry', 'Fear', 'Fear', 'Sad', 'Happy', 'Happy', 'Surprise', 'Happy', 'Sad', 'Surprise', 'Happy', 'Sad', 'Fear', 'Happy', 'Surprise', 'Surprise', 'Happy', 'Happy', 'Happy', 'Happy', 'Fear', 'Fear', 'Surprise', 'Happy', 'Happy', 'Happy', 'Happy', 'Happy', 'Surprise', 'Surprise', 'Happy', 'Angry', 'Happy', 'Fear', 'Happy', 'Happy', 'Surprise', 'Fear', 'Fear', 'Fear', 'Sad', 'Fear', 'Surprise', 'Sad', 'Sad', 'Fear', 'Surprise', 'Happy']"
Subtitles_Final_Dataset/NonViolence Subtitles\casinoroyal10.txt,"['Happy', 'Happy', 'Sad', 'Happy', 'Fear', 'Fear', 'Happy', 'Happy', 'Sad', 'Fear', 'Fear', 'Happy', 'Sad', 'Happy', 'Happy', 'Happy', 'Fear', 'Fear', 'Fear', 'Happy', 'Happy', 'Happy', 'Fear', 'Happy', 'Happy', 'Happy', 'Happy', 'Happy', 'Fear', 'Happy', 'Happy', 'Fear', 'Happy', 'Fear', 'Fear', 'Happy', 'Fear', 'Fear', 'Happy', 'Happy', 'Fear', 'Fear', 'Sad', 'Happy', 'Happy', 'Sad', 'Surprise', 'Happy', 'Happy', 'Fear', 'Sad', 'Happy', 'Fear', 'Fear', 'Sad', 'Surprise', 'Happy', 'Happy', 'Sad', 'Happy', 'Happy', 'Happy', 'Happy', 'Fear', 'Happy', 'Sad', 'Happy', 'Surprise', 'Happy', 'Surprise', 'Happy', 'Angry', 'Surprise', 'Fear', 'Happy', 'Sad', 'Surprise', 'Surprise', 'Happy', 'Angry', 'Surprise', 'Happy', 'Surprise', 'Happy', 'Sad', 'Fear', 'Happy', 'Fear', 'Surprise', 'Happy', 'Happy', 'Happy', 'Fear', 'Angry']"
Subtitles_Final_Dataset/NonViolence Subtitles\casinoroyal11.txt,"['Sad', 'Happy', 'Happy', 'Happy', 'Surprise', 'Surprise', 'Surprise', 'Happy', 'Fear', 'Happy', 'Happy', 'Surprise', 'Fear', 'Happy', 'Happy', 'Happy', 'Happy', 'Fear', 'Fear', 'Sad', 'Surprise', 'Happy', 'Happy', 'Sad', 'Fear', 'Fear', 'Happy', 'Happy', 'Happy', 'Happy', 'Happy', 'Happy', 'Fear', 'Fear', 'Happy', 'Sad', 'Happy', 'Happy', 'Sad', 'Surprise', 'Sad', 'Surprise', 'Happy', 'Happy', 'Happy', 'Sad', 'Sad', 'Happy', 'Sad', 'Sad', 'Sad', 'Sad', 'Fear', 'Sad', 'Happy', 'Sad', 'Happy', 'Surprise', 'Happy', 'Surprise', 'Sad']"
Subtitles_Final_Dataset/NonViolence Subtitles\casinoroyal12.txt,"['Happy', 'Sad', 'Surprise', 'Surprise', 'Sad', 'Surprise', 'Surprise', 'Surprise', 'Sad', 'Happy', 'Happy', 'Sad', 'Fear', 'Fear', 'Surprise', 'Happy', 'Happy', 'Happy', 'Happy', 'Fear', 'Happy', 'Fear', 'Sad', 'Happy', 'Happy', 'Happy', 'Fear', 'Fear', 'Fear', 'Happy', 'Happy', 'Happy', 'Sad', 'Sad', 'Happy', 'Fear', 'Happy', 'Sad', 'Happy', 'Surprise', 'Happy', 'Happy', 'Happy', 'Fear', 'Happy', 'Happy', 'Fear', 'Sad', 'Happy', 'Sad', 'Happy', 'Fear', 'Sad', 'Fear', 'Fear']"
Subtitles_Final_Dataset/NonViolence Subtitles\casinoroyal13.txt,"['Happy', 'Fear', 'Fear', 'Happy', 'Happy', 'Happy', 'Happy', 'Happy', 'Happy', 'Fear', 'Happy', 'Fear', 'Happy', 'Happy', 'Fear', 'Happy', 'Happy', 'Surprise', 'Happy', 'Happy', 'Sad', 'Surprise', 'Happy', 'Happy', 'Happy', 'Fear', 'Happy', 'Surprise', 'Happy', 'Fear', 'Fear', 'Happy', 'Happy', 'Happy']"
Subtitles_Final_Dataset/NonViolence Subtitles\casinoroyal2.txt,"['Happy', 'Surprise', 'Happy', 'Surprise', 'Sad', 'Fear', 'Surprise', 'Happy', 'Surprise', 'Happy', 'Sad', 'Happy', 'Happy', 'Fear', 'Fear', 'Fear', 'Sad', 'Sad', 'Happy', 'Happy', 'Happy', 'Happy', 'Fear', 'Happy', 'Surprise', 'Surprise', 'Happy', 'Happy', 'Happy', 'Happy']"
Subtitles_Final_Dataset/NonViolence Subtitles\casinoroyal4.txt,"['Happy', 'Happy', 'Happy', 'Happy', 'Happy', 'Surprise', 'Happy', 'Happy', 'Happy', 'Fear', 'Happy', 'Happy', 'Fear', 'Happy', 'Happy', 'Fear', 'Fear', 'Fear', 'Happy', 'Happy', 'Happy', 'Happy', 'Happy', 'Surprise', 'Happy', 'Sad', 'Sad', 'Sad', 'Fear', 'Fear', 'Happy', 'Happy', 'Happy', 'Happy', 'Happy', 'Happy', 'Happy', 'Happy', 'Surprise', 'Happy', 'Sad', 'Fear', 'Sad', 'Happy', 'Happy', 'Fear', 'Fear', 'Happy', 'Happy']"
Subtitles_Final_Dataset/NonViolence Subtitles\casinoroyal5.txt,"['Angry', 'Happy', 'Surprise', 'Surprise', 'Angry', 'Happy', 'Fear', 'Happy', 'Happy', 'Happy', 'Surprise', 'Sad', 'Happy', 'Happy', 'Happy', 'Happy', 'Sad', 'Sad', 'Happy', 'Sad', 'Fear', 'Fear', 'Fear', 'Fear', 'Fear', 'Happy', 'Fear', 'Happy', 'Happy', 'Fear', 'Happy', 'Surprise', 'Happy', 'Angry', 'Happy', 'Happy', 'Happy', 'Fear', 'Happy', 'Happy', 'Happy', 'Happy', 'Happy', 'Happy', 'Sad', 'Fear', 'Happy']"
Subtitles_Final_Dataset/NonViolence Subtitles\casinoroyal6.txt,"['Sad', 'Happy', 'Happy', 'Sad', 'Happy', 'Fear', 'Surprise', 'Fear', 'Happy', 'Happy', 'Happy', 'Fear', 'Sad', 'Happy', 'Fear', 'Fear', 'Fear', 'Fear', 'Happy', 'Surprise', 'Fear', 'Happy', 'Sad', 'Fear', 'Angry', 'Happy', 'Surprise', 'Fear', 'Fear', 'Fear', 'Surprise', 'Fear', 'Fear', 'Happy', 'Surprise', 'Happy', 'Surprise', 'Sad', 'Fear', 'Happy', 'Sad', 'Sad', 'Sad', 'Sad', 'Fear', 'Surprise', 'Fear', 'Fear', 'Fear', 'Happy', 'Sad', 'Happy', 'Happy', 'Sad', 'Happy']"
Subtitles_Final_Dataset/NonViolence Subtitles\casinoroyal7.txt,"['Happy', 'Happy', 'Happy', 'Fear', 'Happy', 'Fear', 'Happy', 'Happy', 'Sad', 'Happy', 'Fear', 'Fear', 'Fear', 'Fear', 'Fear', 'Happy', 'Fear', 'Fear', 'Surprise', 'Fear', 'Happy', 'Fear', 'Fear', 'Happy', 'Happy', 'Fear', 'Happy', 'Happy', 'Happy', 'Happy', 'Happy', 'Fear', 'Sad', 'Happy', 'Surprise', 'Happy', 'Fear', 'Happy', 'Happy', 'Surprise', 'Sad', 'Happy', 'Fear', 'Fear', 'Fear', 'Sad', 'Fear', 'Fear', 'Surprise', 'Sad', 'Surprise', 'Happy', 'Sad', 'Happy', 'Surprise', 'Surprise', 'Happy', 'Surprise', 'Sad', 'Happy', 'Surprise', 'Happy', 'Happy', 'Happy', 'Happy', 'Happy', 'Happy', 'Fear', 'Happy', 'Surprise', 'Happy', 'Fear', 'Happy', 'Happy', 'Happy', 'Fear', 'Fear', 'Happy', 'Happy', 'Sad', 'Happy', 'Happy']"
Subtitles_Final_Dataset/NonViolence Subtitles\casinoroyal8.txt,"['Happy', 'Happy', 'Happy', 'Happy', 'Surprise', 'Happy', 'Fear', 'Sad', 'Fear', 'Happy', 'Fear', 'Happy', 'Surprise', 'Happy', 'Surprise', 'Fear', 'Fear', 'Sad', 'Happy', 'Happy', 'Happy', 'Fear', 'Fear', 'Happy', 'Happy', 'Happy', 'Surprise', 'Happy', 'Happy', 'Fear', 'Fear', 'Sad', 'Happy', 'Happy', 'Sad', 'Happy', 'Fear', 'Fear', 'Happy']"
Subtitles_Final_Dataset/NonViolence Subtitles\casinoroyal9.txt,"['Happy', 'Happy', 'Surprise', 'Sad', 'Fear', 'Sad', 'Surprise', 'Happy', 'Happy', 'Happy', 'Happy', 'Happy', 'Sad', 'Happy', 'Fear', 'Surprise', 'Sad', 'Surprise', 'Happy', 'Happy', 'Happy', 'Fear', 'Fear', 'Happy', 'Surprise', 'Sad', 'Happy', 'Happy', 'Happy', 'Sad', 'Surprise', 'Happy', 'Surprise', 'Surprise', 'Happy', 'Happy', 'Happy', 'Happy', 'Happy', 'Happy', 'Happy', 'Fear']"
Subtitles_Final_Dataset/NonViolence Subtitles\Kissing booth 1.txt,"['Happy', 'Happy', 'Happy', 'Fear', 'Happy', 'Surprise', 'Surprise', 'Angry', 'Surprise', 'Surprise', 'Surprise', 'Fear', 'Surprise', 'Sad', 'Fear', 'Happy', 'Sad', 'Happy', 'Happy', 'Fear', 'Sad', 'Surprise', 'Fear', 'Happy', 'Happy', 'Happy', 'Surprise', 'Surprise', 'Surprise', 'Surprise', 'Happy', 'Surprise', 'Sad']"
Subtitles_Final_Dataset/NonViolence Subtitles\Kissing booth 2.txt,"['Happy', 'Happy', 'Happy', 'Happy', 'Angry', 'Happy', 'Surprise', 'Happy', 'Surprise', 'Happy', 'Surprise', 'Happy', 'Fear', 'Happy', 'Happy', 'Happy', 'Surprise', 'Happy', 'Fear', 'Fear', 'Fear', 'Sad', 'Angry', 'Angry', 'Surprise', 'Fear', 'Happy', 'Surprise', 'Happy', 'Surprise', 'Happy', 'Happy']"
Subtitles_Final_Dataset/NonViolence Subtitles\Kissing booth 3.txt,"['Sad', 'Happy', 'Happy', 'Surprise', 'Happy', 'Fear', 'Fear', 'Happy', 'Happy', 'Happy', 'Happy', 'Surprise', 'Fear', 'Happy', 'Sad', 'Happy', 'Fear', 'Fear', 'Happy', 'Happy', 'Surprise', 'Happy', 'Happy', 'Fear', 'Happy', 'Surprise', 'Happy', 'Happy', 'Sad', 'Surprise', 'Happy', 'Sad', 'Surprise', 'Fear', 'Surprise', 'Angry', 'Sad', 'Angry', 'Happy', 'Surprise', 'Happy', 'Happy', 'Fear', 'Fear', 'Happy', 'Happy']"
Subtitles_Final_Dataset/NonViolence Subtitles\Kissing booth 4.txt,"['Surprise', 'Sad', 'Happy', 'Happy', 'Happy', 'Surprise', 'Surprise', 'Happy', 'Surprise', 'Sad', 'Happy', 'Happy', 'Surprise', 'Happy', 'Fear', 'Sad', 'Surprise', 'Angry', 'Fear', 'Surprise', 'Happy', 'Surprise', 'Sad', 'Sad', 'Happy', 'Happy', 'Surprise', 'Sad']"
Subtitles_Final_Dataset/NonViolence Subtitles\Kissing booth 5.txt,"['Surprise', 'Happy', 'Sad', 'Sad', 'Happy', 'Happy', 'Happy', 'Happy', 'Happy', 'Happy', 'Sad', 'Surprise', 'Happy', 'Happy', 'Happy', 'Surprise', 'Sad', 'Happy', 'Surprise', 'Happy', 'Happy', 'Surprise', 'Happy', 'Happy', 'Surprise', 'Surprise', 'Happy', 'Happy', 'Happy', 'Sad', 'Happy', 'Surprise', 'Surprise', 'Surprise', 'Happy', 'Surprise', 'Happy', 'Happy', 'Happy', 'Surprise', 'Fear']"
Subtitles_Final_Dataset/NonViolence Subtitles\Kissing booth 6.txt,"['Happy', 'Happy', 'Surprise', 'Surprise', 'Happy', 'Happy', 'Sad', 'Sad', 'Sad', 'Happy', 'Surprise', 'Happy', 'Surprise', 'Sad', 'Happy', 'Sad', 'Happy', 'Happy', 'Sad', 'Sad', 'Fear', 'Sad', 'Sad', 'Sad', 'Happy', 'Happy', 'Happy', 'Happy', 'Surprise', 'Surprise']"
Subtitles_Final_Dataset/NonViolence Subtitles\Kissing booth 7.txt,"['Happy', 'Happy', 'Sad', 'Fear', 'Sad', 'Fear', 'Surprise', 'Sad', 'Happy', 'Happy', 'Happy', 'Happy', 'Happy', 'Surprise', 'Fear', 'Happy', 'Surprise', 'Happy', 'Happy', 'Happy', 'Happy', 'Happy', 'Sad', 'Happy', 'Fear', 'Happy', 'Happy', 'Happy', 'Happy', 'Sad', 'Fear', 'Fear', 'Surprise', 'Fear', 'Sad', 'Sad', 'Angry', 'Happy', 'Fear', 'Happy', 'Fear', 'Sad', 'Happy', 'Surprise', 'Fear', 'Happy', 'Happy', 'Sad', 'Happy', 'Fear', 'Surprise']"
Subtitles_Final_Dataset/NonViolence Subtitles\Kissing booth 8.txt,"['Happy', 'Happy', 'Happy', 'Surprise', 'Surprise', 'Angry', 'Happy', 'Happy', 'Happy', 'Surprise', 'Surprise', 'Happy', 'Sad', 'Fear', 'Fear', 'Happy', 'Happy', 'Fear', 'Surprise', 'Happy', 'Surprise', 'Surprise', 'Sad', 'Surprise', 'Happy', 'Surprise', 'Happy', 'Surprise', 'Angry', 'Happy']"
Subtitles_Final_Dataset/NonViolence Subtitles\orientExpress1.txt,"['Fear', 'Happy', 'Happy', 'Fear', 'Happy', 'Fear', 'Happy', 'Surprise', 'Happy', 'Sad', 'Surprise', 'Fear', 'Sad', 'Happy', 'Sad', 'Happy', 'Fear', 'Sad', 'Happy', 'Happy', 'Happy', 'Happy', 'Happy', 'Sad', 'Sad', 'Surprise', 'Happy', 'Happy', 'Fear', 'Surprise', 'Sad', 'Surprise', 'Fear', 'Happy', 'Angry', 'Happy', 'Happy', 'Fear', 'Fear', 'Sad', 'Happy', 'Fear', 'Surprise', 'Happy', 'Happy', 'Sad', 'Happy', 'Happy', 'Happy', 'Happy', 'Sad', 'Fear', 'Happy', 'Sad', 'Angry', 'Happy', 'Surprise', 'Surprise', 'Fear', 'Happy', 'Happy', 'Happy', 'Surprise', 'Surprise', 'Happy', 'Happy', 'Happy', 'Happy', 'Fear', 'Sad', 'Happy', 'Surprise', 'Angry', 'Fear', 'Surprise', 'Fear', 'Happy', 'Sad', 'Surprise', 'Surprise', 'Surprise', 'Fear', 'Happy', 'Fear', 'Happy', 'Happy', 'Sad', 'Sad']"
Subtitles_Final_Dataset/NonViolence Subtitles\orientExpress3.txt,"['Surprise', 'Happy', 'Happy', 'Happy', 'Surprise', 'Happy', 'Fear', 'Fear', 'Happy', 'Fear', 'Surprise', 'Happy', 'Happy', 'Fear', 'Sad', 'Happy', 'Happy', 'Happy', 'Happy', 'Happy', 'Fear', 'Fear', 'Sad', 'Happy', 'Happy', 'Happy', 'Sad', 'Happy', 'Happy', 'Surprise', 'Surprise', 'Happy', 'Sad', 'Happy', 'Happy', 'Sad', 'Surprise', 'Happy', 'Happy', 'Happy', 'Happy', 'Happy', 'Happy', 'Happy', 'Surprise', 'Happy', 'Happy', 'Surprise', 'Fear', 'Fear', 'Surprise', 'Surprise', 'Happy', 'Surprise', 'Happy', 'Happy', 'Happy', 'Sad', 'Fear', 'Happy', 'Sad', 'Happy']"
Subtitles_Final_Dataset/NonViolence Subtitles\orientExpress4.txt,"['Happy', 'Happy', 'Fear', 'Happy', 'Happy', 'Happy', 'Fear', 'Happy', 'Happy', 'Happy', 'Sad', 'Happy', 'Happy', 'Happy', 'Surprise', 'Sad', 'Happy', 'Surprise', 'Surprise', 'Surprise', 'Happy', 'Happy', 'Happy', 'Happy', 'Happy', 'Happy', 'Surprise', 'Sad', 'Happy', 'Happy', 'Happy', 'Happy', 'Happy', 'Happy', 'Angry', 'Happy', 'Happy', 'Happy', 'Happy', 'Sad', 'Fear', 'Sad', 'Happy', 'Sad', 'Happy', 'Surprise', 'Happy', 'Happy', 'Happy', 'Happy', 'Fear', 'Surprise', 'Happy', 'Happy', 'Happy', 'Fear', 'Happy', 'Sad', 'Sad', 'Fear']"
Subtitles_Final_Dataset/NonViolence Subtitles\orientExpress5.txt,"['Surprise', 'Happy', 'Sad', 'Happy', 'Fear', 'Happy', 'Happy', 'Fear', 'Happy', 'Happy', 'Sad', 'Happy', 'Happy', 'Happy', 'Sad', 'Happy', 'Happy', 'Happy', 'Happy', 'Happy', 'Surprise', 'Happy', 'Happy', 'Happy', 'Happy', 'Fear', 'Happy', 'Angry', 'Fear', 'Surprise', 'Sad', 'Fear', 'Happy', 'Happy', 'Happy', 'Surprise', 'Happy', 'Sad', 'Surprise', 'Happy', 'Happy', 'Fear', 'Happy', 'Sad', 'Surprise', 'Sad', 'Happy', 'Happy', 'Happy', 'Fear', 'Happy', 'Sad', 'Happy', 'Happy', 'Sad', 'Happy', 'Sad', 'Happy', 'Surprise', 'Happy', 'Surprise', 'Angry', 'Surprise', 'Surprise', 'Happy', 'Happy', 'Sad', 'Happy', 'Happy', 'Happy', 'Angry', 'Happy', 'Fear', 'Fear', 'Angry', 'Happy', 'Happy', 'Happy', 'Happy']"
Subtitles_Final_Dataset/NonViolence Subtitles\orientExpress6.txt,"['Surprise', 'Happy', 'Happy', 'Happy', 'Happy', 'Happy', 'Happy', 'Fear', 'Happy', 'Happy', 'Sad', 'Happy', 'Happy', 'Happy', 'Happy', 'Happy', 'Happy', 'Sad', 'Fear', 'Sad', 'Happy', 'Happy', 'Happy', 'Sad', 'Fear', 'Angry', 'Fear', 'Angry', 'Happy', 'Happy', 'Happy', 'Happy', 'Sad', 'Happy', 'Happy', 'Happy', 'Happy', 'Surprise', 'Fear', 'Happy', 'Surprise', 'Sad', 'Happy', 'Surprise', 'Happy', 'Happy', 'Sad', 'Happy', 'Happy', 'Sad', 'Surprise', 'Happy', 'Angry', 'Surprise', 'Fear', 'Fear', 'Happy', 'Fear', 'Angry', 'Surprise', 'Happy', 'Happy', 'Happy', 'Happy', 'Sad', 'Happy', 'Happy', 'Happy', 'Surprise', 'Happy', 'Happy', 'Happy', 'Happy', 'Surprise', 'Happy', 'Happy', 'Surprise', 'Fear', 'Happy', 'Surprise', 'Fear', 'Sad', 'Happy', 'Happy', 'Happy', 'Sad', 'Sad', 'Sad', 'Sad', 'Happy', 'Fear', 'Surprise', 'Happy', 'Surprise', 'Sad', 'Sad', 'Fear', 'Happy', 'Happy', 'Surprise', 'Happy', 'Happy', 'Happy', 'Surprise', 'Surprise', 'Happy', 'Angry', 'Happy', 'Fear', 'Happy', 'Sad', 'Happy', 'Surprise', 'Fear', 'Fear', 'Happy', 'Happy', 'Fear', 'Fear', 'Happy', 'Happy', 'Happy', 'Fear', 'Happy', 'Happy', 'Angry', 'Happy', 'Surprise', 'Fear']"
Subtitles_Final_Dataset/NonViolence Subtitles\orientExpress7.txt,"['Happy', 'Fear', 'Happy', 'Happy', 'Happy', 'Happy', 'Happy', 'Fear', 'Happy', 'Surprise', 'Happy', 'Surprise', 'Fear', 'Happy', 'Sad', 'Happy', 'Happy', 'Surprise', 'Happy', 'Happy', 'Happy', 'Sad', 'Happy', 'Fear', 'Sad', 'Sad', 'Happy', 'Happy', 'Happy', 'Sad', 'Sad', 'Happy', 'Happy', 'Happy', 'Surprise', 'Fear', 'Surprise', 'Happy', 'Sad', 'Angry', 'Happy', 'Happy', 'Fear', 'Surprise', 'Happy', 'Surprise', 'Fear', 'Surprise', 'Happy', 'Sad', 'Happy', 'Surprise', 'Surprise', 'Fear', 'Sad', 'Fear', 'Happy', 'Happy', 'Happy', 'Angry', 'Surprise', 'Fear', 'Happy', 'Sad', 'Sad', 'Fear', 'Happy', 'Happy', 'Happy', 'Happy', 'Sad', 'Happy', 'Fear', 'Happy', 'Happy', 'Happy', 'Sad', 'Sad', 'Happy', 'Sad', 'Happy', 'Happy', 'Fear', 'Happy', 'Sad']"
Subtitles_Final_Dataset/NonViolence Subtitles\orientExpress8.txt,"['Happy', 'Happy', 'Happy', 'Fear', 'Angry', 'Sad', 'Surprise', 'Angry', 'Fear', 'Surprise', 'Happy', 'Sad', 'Happy', 'Happy', 'Sad', 'Happy', 'Sad', 'Happy', 'Happy', 'Happy', 'Happy', 'Happy', 'Happy', 'Happy', 'Happy', 'Fear', 'Fear', 'Happy', 'Happy', 'Happy', 'Surprise', 'Sad', 'Happy', 'Sad', 'Fear', 'Surprise', 'Sad', 'Happy', 'Happy', 'Happy', 'Happy', 'Surprise', 'Happy', 'Surprise', 'Angry', 'Fear', 'Happy', 'Happy', 'Surprise', 'Surprise', 'Sad', 'Fear', 'Fear', 'Angry', 'Sad', 'Fear', 'Fear', 'Happy', 'Fear', 'Happy', 'Fear', 'Happy', 'Sad', 'Fear', 'Surprise', 'Sad', 'Happy', 'Angry', 'Sad', 'Happy', 'Happy', 'Fear', 'Surprise', 'Angry', 'Sad', 'Fear', 'Happy', 'Happy', 'Happy', 'Sad', 'Happy', 'Surprise', 'Angry', 'Happy', 'Sad', 'Sad', 'Happy', 'Fear', 'Fear', 'Happy', 'Happy', 'Surprise', 'Happy', 'Happy', 'Happy', 'Happy', 'Happy', 'Sad', 'Sad', 'Happy', 'Happy', 'Happy', 'Happy', 'Happy', 'Sad']"
Subtitles_Final_Dataset/NonViolence Subtitles\orientExpress9.txt,"['Sad', 'Fear', 'Sad', 'Happy', 'Happy', 'Fear', 'Surprise', 'Fear', 'Surprise', 'Happy', 'Sad', 'Fear', 'Sad', 'Fear', 'Fear', 'Surprise', 'Fear', 'Happy', 'Happy', 'Fear', 'Fear', 'Surprise', 'Happy', 'Sad', 'Happy', 'Fear', 'Happy', 'Angry', 'Happy', 'Happy', 'Fear', 'Fear', 'Sad', 'Happy', 'Happy', 'Sad', 'Happy', 'Happy', 'Happy', 'Fear', 'Happy', 'Surprise', 'Surprise', 'Happy', 'Happy', 'Happy', 'Sad', 'Happy', 'Happy', 'Surprise', 'Happy', 'Sad', 'Happy', 'Happy', 'Fear', 'Sad', 'Sad', 'Surprise', 'Sad', 'Fear']"
Subtitles_Final_Dataset/NonViolence Subtitles\SkyFall1.txt,"['Happy', 'Happy', 'Happy', 'Sad', 'Surprise', 'Happy', 'Fear', 'Happy', 'Sad', 'Sad', 'Sad', 'Sad', 'Happy', 'Happy', 'Angry', 'Happy', 'Fear', 'Happy', 'Surprise', 'Happy', 'Happy', 'Happy', 'Happy', 'Happy', 'Happy', 'Happy', 'Happy', 'Angry', 'Happy', 'Fear', 'Happy', 'Sad', 'Fear', 'Sad', 'Happy', 'Happy', 'Fear']"
Subtitles_Final_Dataset/NonViolence Subtitles\SkyFall2.txt,"['Happy', 'Sad', 'Happy', 'Angry', 'Sad', 'Happy', 'Happy', 'Happy', 'Sad', 'Happy', 'Surprise', 'Happy', 'Fear', 'Sad', 'Angry', 'Happy', 'Surprise', 'Sad', 'Fear', 'Sad', 'Happy', 'Sad', 'Angry', 'Fear', 'Happy', 'Happy', 'Happy', 'Happy', 'Surprise', 'Happy', 'Happy', 'Happy']"
Subtitles_Final_Dataset/NonViolence Subtitles\SkyFall3.txt,"['Happy', 'Surprise', 'Happy', 'Happy', 'Fear', 'Happy', 'Sad', 'Angry', 'Surprise', 'Happy', 'Surprise', 'Happy', 'Sad', 'Fear', 'Sad', 'Sad', 'Sad', 'Surprise', 'Happy', 'Fear', 'Fear', 'Happy', 'Fear', 'Fear', 'Sad', 'Happy', 'Happy', 'Fear', 'Happy', 'Happy', 'Happy', 'Happy', 'Happy', 'Happy', 'Happy', 'Fear', 'Happy', 'Angry', 'Sad', 'Sad', 'Fear', 'Happy', 'Happy', 'Happy', 'Happy']"
Subtitles_Final_Dataset/NonViolence Subtitles\SkyFall4.txt,"['Happy', 'Fear', 'Angry', 'Angry', 'Happy', 'Fear', 'Happy', 'Happy', 'Happy', 'Happy', 'Happy', 'Sad', 'Fear', 'Angry', 'Happy', 'Happy', 'Happy', 'Happy', 'Happy', 'Fear', 'Happy', 'Happy', 'Happy', 'Happy', 'Happy', 'Fear']"
Subtitles_Final_Dataset/NonViolence Subtitles\SkyFall5.txt,"['Happy', 'Sad', 'Surprise', 'Happy', 'Fear', 'Happy', 'Happy', 'Happy', 'Fear', 'Surprise', 'Surprise', 'Surprise', 'Surprise', 'Surprise', 'Fear', 'Happy', 'Surprise', 'Angry', 'Fear', 'Happy', 'Sad', 'Happy', 'Happy', 'Fear', 'Surprise', 'Fear', 'Surprise', 'Sad', 'Happy', 'Sad', 'Fear', 'Fear', 'Happy', 'Fear', 'Sad', 'Happy', 'Happy', 'Happy', 'Happy', 'Happy', 'Fear', 'Angry', 'Sad', 'Fear', 'Fear', 'Angry', 'Happy', 'Happy', 'Surprise', 'Sad', 'Happy', 'Happy', 'Happy', 'Happy', 'Sad', 'Fear', 'Happy', 'Happy', 'Happy', 'Happy', 'Happy', 'Fear', 'Happy', 'Angry', 'Happy', 'Happy', 'Happy', 'Happy', 'Happy', 'Happy', 'Happy', 'Happy', 'Happy', 'Fear', 'Fear', 'Surprise', 'Surprise', 'Fear', 'Sad', 'Happy', 'Sad', 'Happy', 'Happy', 'Fear', 'Happy', 'Happy', 'Happy', 'Happy', 'Sad', 'Sad', 'Happy']"
Subtitles_Final_Dataset/NonViolence Subtitles\SkyFall6.txt,"['Happy', 'Fear', 'Happy', 'Happy', 'Happy', 'Happy', 'Happy', 'Sad', 'Happy', 'Sad', 'Surprise', 'Sad', 'Happy', 'Surprise', 'Surprise', 'Happy', 'Fear', 'Happy', 'Sad', 'Happy', 'Happy', 'Surprise', 'Sad', 'Happy', 'Angry', 'Happy', 'Surprise']"
Subtitles_Final_Dataset/NonViolence Subtitles\Spectre1.txt,"['Happy', 'Fear', 'Fear', 'Fear', 'Happy', 'Happy', 'Surprise', 'Surprise', 'Fear', 'Happy', 'Fear', 'Happy', 'Fear', 'Fear', 'Fear', 'Happy', 'Fear', 'Happy', 'Surprise', 'Happy', 'Surprise', 'Fear', 'Happy', 'Happy', 'Happy', 'Sad', 'Happy', 'Sad', 'Fear', 'Happy', 'Happy', 'Sad', 'Surprise', 'Happy', 'Sad', 'Fear', 'Sad', 'Happy', 'Happy', 'Happy', 'Happy']"
Subtitles_Final_Dataset/NonViolence Subtitles\Spectre2.txt,"['Happy', 'Happy', 'Fear', 'Surprise', 'Sad', 'Fear', 'Happy', 'Happy', 'Fear', 'Happy', 'Happy', 'Angry', 'Happy', 'Fear', 'Happy', 'Happy', 'Fear', 'Surprise', 'Surprise', 'Sad', 'Fear', 'Surprise', 'Sad', 'Fear', 'Happy', 'Happy', 'Surprise', 'Sad', 'Happy', 'Fear', 'Angry', 'Fear', 'Surprise', 'Happy', 'Fear', 'Happy', 'Surprise', 'Sad', 'Sad', 'Happy', 'Happy', 'Sad', 'Surprise', 'Fear']"
Subtitles_Final_Dataset/NonViolence Subtitles\Spectre3.txt,"['Surprise', 'Happy', 'Happy', 'Surprise', 'Happy', 'Happy', 'Happy', 'Happy', 'Fear', 'Happy', 'Angry', 'Sad', 'Happy', 'Fear', 'Happy', 'Happy', 'Happy', 'Happy', 'Angry', 'Happy', 'Fear', 'Surprise', 'Fear', 'Sad', 'Sad', 'Angry', 'Surprise', 'Surprise', 'Happy', 'Sad', 'Sad', 'Surprise', 'Happy', 'Fear', 'Happy', 'Happy', 'Happy', 'Happy', 'Fear', 'Happy', 'Fear', 'Surprise', 'Fear', 'Fear', 'Happy', 'Happy', 'Fear', 'Surprise', 'Happy', 'Surprise', 'Surprise', 'Surprise', 'Happy', 'Sad', 'Angry', 'Happy', 'Fear', 'Surprise', 'Surprise', 'Surprise', 'Sad', 'Happy', 'Sad', 'Happy', 'Surprise', 'Sad', 'Fear', 'Fear', 'Fear', 'Happy', 'Happy', 'Sad', 'Happy', 'Fear', 'Happy', 'Fear', 'Sad']"
Subtitles_Final_Dataset/NonViolence Subtitles\Spectre4.txt,"['Sad', 'Happy', 'Surprise', 'Sad', 'Fear', 'Fear', 'Fear', 'Sad', 'Angry', 'Happy', 'Happy', 'Happy', 'Fear', 'Sad', 'Happy', 'Surprise', 'Happy', 'Happy', 'Happy', 'Sad', 'Sad', 'Surprise', 'Happy', 'Sad', 'Happy', 'Happy', 'Happy', 'Happy', 'Fear', 'Fear', 'Happy', 'Surprise', 'Happy', 'Happy', 'Happy', 'Happy', 'Happy', 'Fear', 'Fear', 'Happy', 'Happy', 'Fear', 'Happy', 'Fear', 'Happy', 'Happy', 'Angry', 'Happy', 'Sad', 'Happy', 'Sad', 'Happy', 'Surprise', 'Happy', 'Happy', 'Fear', 'Happy', 'Happy', 'Happy', 'Angry', 'Happy', 'Happy', 'Angry', 'Angry', 'Angry', 'Happy', 'Happy', 'Happy', 'Fear', 'Fear']"
Subtitles_Final_Dataset/NonViolence Subtitles\Spectre5.txt,"['Happy', 'Happy', 'Happy', 'Fear', 'Fear', 'Happy', 'Sad', 'Surprise', 'Happy', 'Fear', 'Sad', 'Happy', 'Happy', 'Surprise', 'Surprise', 'Surprise', 'Fear', 'Fear', 'Happy', 'Sad', 'Fear', 'Happy', 'Sad', 'Surprise', 'Surprise', 'Angry', 'Happy', 'Fear', 'Happy', 'Fear', 'Happy', 'Happy', 'Surprise', 'Surprise', 'Surprise', 'Sad', 'Sad', 'Happy', 'Fear', 'Happy', 'Angry', 'Fear', 'Fear', 'Fear', 'Sad', 'Sad', 'Happy', 'Happy', 'Fear', 'Fear', 'Fear', 'Surprise', 'Fear', 'Happy', 'Sad', 'Happy', 'Happy', 'Happy', 'Happy', 'Angry', 'Sad', 'Fear', 'Fear', 'Happy', 'Happy', 'Surprise', 'Happy', 'Happy', 'Happy', 'Surprise', 'Sad', 'Surprise', 'Happy', 'Surprise', 'Happy', 'Fear', 'Happy', 'Happy', 'Happy', 'Happy', 'Fear', 'Happy']"
Subtitles_Final_Dataset/NonViolence Subtitles\Spectre6.txt,"['Sad', 'Sad', 'Happy', 'Fear', 'Happy', 'Fear', 'Sad', 'Surprise', 'Fear', 'Happy', 'Surprise', 'Surprise', 'Fear', 'Happy', 'Surprise', 'Surprise', 'Happy', 'Fear', 'Sad', 'Angry', 'Happy', 'Sad', 'Fear', 'Happy', 'Surprise', 'Happy', 'Surprise', 'Sad', 'Angry', 'Happy', 'Fear', 'Happy', 'Happy', 'Angry', 'Happy', 'Happy', 'Fear', 'Happy', 'Fear', 'Sad', 'Surprise', 'Angry', 'Angry', 'Happy', 'Sad', 'Happy', 'Angry', 'Fear', 'Fear', 'Angry', 'Happy', 'Happy', 'Sad', 'Fear', 'Happy', 'Sad', 'Happy', 'Fear', 'Sad', 'Happy', 'Happy', 'Happy', 'Happy', 'Happy', 'Happy', 'Happy', 'Surprise', 'Fear', 'Sad', 'Surprise', 'Happy', 'Fear', 'Happy', 'Happy', 'Fear']"
Subtitles_Final_Dataset/NonViolence Subtitles\Spectre7.txt,"['Happy', 'Surprise', 'Sad', 'Surprise', 'Sad', 'Happy', 'Happy', 'Fear', 'Happy', 'Sad', 'Happy', 'Happy', 'Sad', 'Happy', 'Angry', 'Surprise', 'Fear', 'Angry', 'Happy', 'Sad', 'Fear', 'Fear', 'Sad', 'Happy', 'Surprise', 'Happy', 'Surprise', 'Fear', 'Happy', 'Happy', 'Happy', 'Happy', 'Happy', 'Happy', 'Happy', 'Happy', 'Happy', 'Fear', 'Fear', 'Happy', 'Happy', 'Happy', 'Happy', 'Fear', 'Happy', 'Happy', 'Happy', 'Fear', 'Surprise', 'Happy', 'Angry', 'Angry', 'Happy', 'Happy', 'Fear', 'Happy']"
Subtitles_Final_Dataset/NonViolence Subtitles\Spectre8.txt,"['Surprise', 'Fear', 'Sad', 'Happy', 'Happy', 'Happy', 'Fear', 'Sad', 'Surprise', 'Happy', 'Fear', 'Sad', 'Sad', 'Fear', 'Happy', 'Sad', 'Happy', 'Happy', 'Fear', 'Happy', 'Fear', 'Happy', 'Sad', 'Happy', 'Surprise', 'Happy', 'Surprise', 'Surprise', 'Angry', 'Happy', 'Sad', 'Happy', 'Sad', 'Surprise', 'Sad', 'Happy', 'Sad', 'Sad', 'Surprise', 'Happy', 'Happy', 'Surprise', 'Happy', 'Happy', 'Surprise', 'Fear', 'Surprise', 'Fear', 'Sad', 'Sad', 'Sad', 'Happy']"
Subtitles_Final_Dataset/NonViolence Subtitles\Spectre9.txt,"['Happy', 'Sad', 'Happy', 'Fear', 'Fear', 'Sad', 'Surprise', 'Sad', 'Fear', 'Happy', 'Surprise', 'Sad', 'Happy', 'Happy', 'Happy', 'Happy', 'Happy', 'Sad', 'Sad', 'Fear', 'Sad', 'Happy', 'Sad', 'Surprise', 'Sad', 'Surprise', 'Fear', 'Happy', 'Fear', 'Sad', 'Happy', 'Happy', 'Surprise', 'Surprise', 'Surprise', 'Sad', 'Happy', 'Happy', 'Fear', 'Happy', 'Happy', 'Happy', 'Surprise', 'Happy', 'Surprise', 'Surprise', 'Fear', 'Fear', 'Fear', 'Fear', 'Surprise', 'Happy', 'Happy', 'Fear', 'Happy', 'Surprise', 'Happy', 'Sad', 'Happy', 'Sad', 'Surprise', 'Sad', 'Fear', 'Fear', 'Happy', 'Surprise', 'Happy', 'Happy', 'Happy', 'Surprise', 'Fear', 'Surprise', 'Happy', 'Fear', 'Fear', 'Fear', 'Happy', 'Sad', 'Happy', 'Fear', 'Happy', 'Sad', 'Happy', 'Surprise', 'Surprise', 'Sad', 'Happy', 'Fear', 'Surprise', 'Happy', 'Happy', 'Happy', 'Happy', 'Surprise', 'Angry', 'Surprise', 'Surprise', 'Happy', 'Happy', 'Happy', 'Happy', 'Happy', 'Happy', 'Happy', 'Happy', 'Sad', 'Happy', 'Surprise', 'Happy']"
Subtitles_Final_Dataset/NonViolence Subtitles\TABISLY1.txt,"['Fear', 'Happy', 'Happy', 'Happy', 'Sad', 'Happy', 'Happy', 'Happy', 'Happy', 'Happy', 'Fear', 'Happy', 'Happy', 'Happy', 'Fear', 'Sad', 'Happy', 'Surprise', 'Happy', 'Happy', 'Surprise', 'Surprise', 'Happy', 'Sad', 'Happy', 'Happy', 'Happy', 'Happy', 'Surprise', 'Happy', 'Happy', 'Happy', 'Surprise', 'Happy', 'Happy', 'Happy', 'Surprise', 'Sad', 'Surprise', 'Happy', 'Happy', 'Happy', 'Happy', 'Angry', 'Angry', 'Angry', 'Happy', 'Happy', 'Sad', 'Happy', 'Happy', 'Happy', 'Happy', 'Happy', 'Surprise', 'Surprise', 'Surprise', 'Surprise', 'Happy', 'Happy', 'Happy', 'Surprise', 'Happy', 'Happy', 'Happy', 'Happy', 'Surprise', 'Happy', 'Happy', 'Fear', 'Happy', 'Surprise', 'Sad', 'Surprise', 'Happy', 'Surprise', 'Happy', 'Sad', 'Sad']"
Subtitles_Final_Dataset/NonViolence Subtitles\TABISLY10.txt,"['Happy', 'Fear', 'Happy', 'Surprise', 'Sad', 'Happy', 'Sad', 'Happy', 'Surprise', 'Happy', 'Surprise', 'Happy', 'Happy', 'Sad', 'Happy', 'Happy', 'Surprise', 'Happy', 'Surprise', 'Happy', 'Surprise', 'Happy', 'Happy', 'Angry', 'Fear', 'Happy', 'Happy', 'Happy', 'Surprise', 'Happy', 'Happy', 'Surprise', 'Sad', 'Happy', 'Happy', 'Fear', 'Sad', 'Surprise', 'Surprise', 'Happy', 'Happy', 'Sad', 'Surprise', 'Happy', 'Happy', 'Happy', 'Happy', 'Happy', 'Happy', 'Happy', 'Happy', 'Happy', 'Angry', 'Happy', 'Happy', 'Fear', 'Happy', 'Happy', 'Happy', 'Sad', 'Surprise', 'Surprise', 'Happy', 'Happy', 'Surprise', 'Sad', 'Fear', 'Sad', 'Happy', 'Surprise', 'Happy', 'Happy', 'Happy', 'Angry', 'Surprise', 'Sad', 'Happy', 'Happy', 'Happy', 'Happy', 'Sad', 'Happy', 'Happy', 'Happy', 'Surprise', 'Happy', 'Sad', 'Fear', 'Happy', 'Sad', 'Surprise', 'Happy', 'Happy', 'Happy', 'Surprise', 'Happy', 'Angry', 'Happy', 'Happy', 'Happy', 'Happy', 'Happy', 'Happy', 'Happy', 'Happy', 'Fear', 'Surprise', 'Happy', 'Sad', 'Happy', 'Fear', 'Angry', 'Sad', 'Happy', 'Fear', 'Fear', 'Happy', 'Happy', 'Happy', 'Happy', 'Happy', 'Sad', 'Happy', 'Happy', 'Happy', 'Sad', 'Sad', 'Sad', 'Happy', 'Happy', 'Sad', 'Surprise', 'Surprise', 'Surprise', 'Fear', 'Surprise', 'Surprise', 'Happy', 'Fear', 'Surprise', 'Happy', 'Sad', 'Happy', 'Happy', 'Happy']"
Subtitles_Final_Dataset/NonViolence Subtitles\TABISLY11.txt,"['Happy', 'Happy', 'Fear', 'Fear', 'Angry', 'Happy', 'Fear', 'Fear', 'Surprise', 'Happy', 'Angry', 'Happy', 'Sad', 'Happy', 'Fear', 'Happy', 'Sad', 'Happy', 'Happy', 'Happy', 'Surprise', 'Happy', 'Surprise', 'Surprise', 'Happy', 'Happy', 'Fear', 'Angry', 'Angry', 'Fear', 'Angry', 'Surprise', 'Surprise', 'Happy', 'Fear', 'Happy', 'Angry', 'Happy', 'Surprise', 'Happy', 'Happy', 'Happy', 'Angry', 'Happy', 'Happy', 'Happy', 'Happy', 'Surprise', 'Sad', 'Happy', 'Surprise', 'Surprise', 'Fear', 'Sad', 'Happy', 'Happy', 'Surprise', 'Happy', 'Happy', 'Angry', 'Happy', 'Happy', 'Happy', 'Happy', 'Surprise', 'Happy', 'Happy', 'Surprise', 'Angry', 'Happy', 'Happy', 'Happy', 'Surprise', 'Happy', 'Surprise', 'Surprise', 'Surprise', 'Angry', 'Fear', 'Surprise', 'Surprise', 'Happy', 'Fear', 'Sad', 'Sad', 'Surprise', 'Fear']"
Subtitles_Final_Dataset/NonViolence Subtitles\TABISLY12.txt,"['Surprise', 'Happy', 'Happy', 'Happy', 'Surprise', 'Happy', 'Angry', 'Surprise', 'Sad', 'Happy', 'Surprise', 'Surprise', 'Happy', 'Happy', 'Happy', 'Surprise', 'Happy', 'Happy', 'Happy', 'Happy', 'Happy', 'Happy', 'Happy', 'Happy', 'Happy', 'Happy', 'Sad', 'Happy', 'Sad', 'Happy', 'Happy', 'Happy', 'Happy', 'Happy', 'Happy', 'Happy', 'Happy', 'Fear', 'Happy', 'Surprise', 'Happy', 'Fear', 'Happy', 'Fear', 'Happy', 'Sad', 'Sad', 'Happy']"
Subtitles_Final_Dataset/NonViolence Subtitles\TABISLY13.txt,"['Sad', 'Sad', 'Sad', 'Sad', 'Happy', 'Happy', 'Happy', 'Happy', 'Fear', 'Happy', 'Happy', 'Happy', 'Happy', 'Happy', 'Happy', 'Fear', 'Fear', 'Surprise', 'Fear', 'Happy', 'Happy', 'Surprise', 'Surprise', 'Happy', 'Surprise', 'Fear', 'Surprise', 'Surprise', 'Angry', 'Sad', 'Sad', 'Sad', 'Happy', 'Surprise', 'Surprise', 'Surprise', 'Happy', 'Sad', 'Happy', 'Happy', 'Happy']"
Subtitles_Final_Dataset/NonViolence Subtitles\TABISLY14.txt,"['Happy', 'Surprise', 'Fear', 'Happy', 'Happy', 'Surprise', 'Happy', 'Happy', 'Happy', 'Happy', 'Fear', 'Sad', 'Happy', 'Surprise', 'Happy', 'Sad', 'Angry', 'Fear', 'Surprise', 'Happy', 'Surprise', 'Surprise', 'Happy', 'Happy', 'Happy', 'Happy', 'Happy', 'Sad', 'Surprise', 'Surprise', 'Happy', 'Happy', 'Happy', 'Fear', 'Fear', 'Surprise', 'Happy', 'Sad', 'Surprise', 'Sad', 'Happy', 'Happy', 'Sad', 'Happy', 'Happy', 'Surprise', 'Surprise', 'Happy', 'Surprise', 'Angry', 'Surprise', 'Happy', 'Sad', 'Fear', 'Sad', 'Fear', 'Fear', 'Happy', 'Surprise', 'Happy', 'Surprise', 'Happy', 'Happy', 'Happy', 'Surprise', 'Happy', 'Sad', 'Happy', 'Fear', 'Happy', 'Happy', 'Happy', 'Happy', 'Surprise', 'Surprise', 'Surprise', 'Happy', 'Surprise', 'Surprise', 'Happy', 'Surprise', 'Happy', 'Happy', 'Sad', 'Surprise', 'Happy', 'Happy', 'Happy', 'Happy', 'Surprise', 'Happy', 'Happy', 'Surprise', 'Sad', 'Angry', 'Happy', 'Happy', 'Fear', 'Sad', 'Happy', 'Happy', 'Happy', 'Fear', 'Happy', 'Happy', 'Sad', 'Happy', 'Sad', 'Fear', 'Fear', 'Fear', 'Fear', 'Angry', 'Sad', 'Fear', 'Fear', 'Sad', 'Surprise', 'Surprise', 'Sad', 'Sad', 'Sad', 'Sad', 'Happy', 'Happy', 'Angry', 'Fear', 'Happy', 'Happy', 'Angry', 'Fear', 'Happy', 'Sad', 'Happy', 'Happy', 'Sad', 'Happy', 'Happy', 'Happy']"
Subtitles_Final_Dataset/NonViolence Subtitles\TABISLY15.txt,"['Happy', 'Surprise', 'Surprise', 'Happy', 'Surprise', 'Happy', 'Happy', 'Sad', 'Happy', 'Happy', 'Happy', 'Happy', 'Happy', 'Happy', 'Happy', 'Happy', 'Sad', 'Happy', 'Happy', 'Happy', 'Surprise', 'Happy', 'Happy', 'Happy', 'Sad', 'Surprise', 'Happy', 'Sad', 'Fear', 'Happy', 'Happy', 'Happy', 'Happy', 'Sad', 'Fear', 'Sad', 'Surprise', 'Angry', 'Happy', 'Happy', 'Happy', 'Happy', 'Surprise', 'Sad', 'Happy', 'Happy', 'Happy', 'Happy', 'Fear', 'Happy', 'Fear', 'Surprise', 'Happy', 'Sad', 'Happy', 'Happy', 'Surprise', 'Happy', 'Happy', 'Happy', 'Fear', 'Surprise', 'Surprise', 'Happy', 'Surprise', 'Surprise', 'Happy', 'Happy', 'Happy', 'Sad', 'Surprise', 'Fear', 'Happy', 'Surprise', 'Sad', 'Sad', 'Happy', 'Happy', 'Happy', 'Surprise', 'Happy', 'Happy', 'Surprise', 'Sad', 'Sad', 'Happy', 'Happy', 'Happy', 'Happy', 'Sad', 'Happy', 'Happy', 'Surprise', 'Happy', 'Fear', 'Fear', 'Happy', 'Happy', 'Happy', 'Sad', 'Sad', 'Fear', 'Happy', 'Happy']"
Subtitles_Final_Dataset/NonViolence Subtitles\TABISLY16.txt,"['Fear', 'Happy', 'Happy', 'Happy', 'Happy', 'Happy', 'Sad', 'Happy', 'Surprise', 'Happy', 'Sad', 'Surprise', 'Happy', 'Happy', 'Happy', 'Happy', 'Happy', 'Happy', 'Happy', 'Fear', 'Surprise', 'Happy', 'Happy', 'Sad', 'Sad', 'Fear', 'Happy', 'Surprise', 'Happy', 'Fear', 'Happy', 'Angry', 'Angry', 'Surprise', 'Happy', 'Happy', 'Sad', 'Happy', 'Happy', 'Happy', 'Happy', 'Sad', 'Sad', 'Sad', 'Happy', 'Happy', 'Surprise', 'Happy', 'Surprise', 'Happy', 'Surprise', 'Surprise', 'Happy', 'Fear', 'Happy', 'Surprise', 'Happy', 'Sad', 'Sad', 'Sad', 'Fear', 'Fear', 'Happy']"
Subtitles_Final_Dataset/NonViolence Subtitles\TABISLY2.txt,"['Happy', 'Happy', 'Happy', 'Fear', 'Happy', 'Fear', 'Happy', 'Happy', 'Angry', 'Fear', 'Surprise', 'Surprise', 'Surprise', 'Angry', 'Sad', 'Sad', 'Surprise', 'Happy', 'Surprise', 'Happy', 'Sad', 'Happy', 'Sad', 'Happy', 'Fear', 'Happy', 'Happy', 'Happy', 'Surprise', 'Happy', 'Happy', 'Happy', 'Surprise', 'Happy', 'Surprise', 'Surprise', 'Happy', 'Sad', 'Happy', 'Happy', 'Happy', 'Happy', 'Fear', 'Happy', 'Happy', 'Angry', 'Happy', 'Fear', 'Happy', 'Happy', 'Happy', 'Surprise', 'Happy', 'Fear', 'Happy', 'Surprise', 'Surprise', 'Happy', 'Happy', 'Happy', 'Happy', 'Happy', 'Sad', 'Happy', 'Sad', 'Happy', 'Happy', 'Happy', 'Happy']"
Subtitles_Final_Dataset/NonViolence Subtitles\TABISLY3.txt,"['Surprise', 'Happy', 'Sad', 'Fear', 'Happy', 'Happy', 'Happy', 'Fear', 'Angry', 'Happy', 'Happy', 'Sad', 'Surprise', 'Happy', 'Sad', 'Surprise', 'Fear', 'Happy', 'Happy', 'Happy', 'Sad', 'Sad', 'Sad', 'Sad', 'Happy', 'Happy', 'Happy', 'Angry', 'Happy', 'Sad', 'Surprise', 'Fear', 'Happy', 'Happy', 'Surprise', 'Happy', 'Happy', 'Happy', 'Fear', 'Sad', 'Happy', 'Happy', 'Sad', 'Happy', 'Sad', 'Surprise', 'Surprise', 'Surprise', 'Angry', 'Surprise', 'Happy', 'Angry', 'Surprise', 'Fear', 'Happy', 'Happy', 'Happy', 'Fear', 'Happy', 'Fear', 'Happy', 'Happy', 'Happy', 'Fear', 'Happy', 'Happy', 'Happy', 'Happy', 'Surprise', 'Surprise', 'Happy', 'Happy', 'Happy', 'Happy', 'Happy', 'Surprise', 'Fear', 'Happy', 'Happy', 'Surprise', 'Fear', 'Happy', 'Happy', 'Surprise', 'Surprise', 'Surprise', 'Happy', 'Surprise', 'Sad', 'Surprise', 'Surprise', 'Happy', 'Happy', 'Surprise', 'Surprise', 'Happy', 'Happy', 'Sad']"
Subtitles_Final_Dataset/NonViolence Subtitles\TABISLY4.txt,"['Sad', 'Surprise', 'Happy', 'Happy', 'Surprise', 'Fear', 'Surprise', 'Happy', 'Happy', 'Sad', 'Fear', 'Happy', 'Fear', 'Happy', 'Fear', 'Fear', 'Happy', 'Surprise', 'Happy', 'Happy', 'Happy', 'Sad', 'Surprise', 'Surprise', 'Happy', 'Happy', 'Happy', 'Happy', 'Happy', 'Fear', 'Fear', 'Surprise', 'Sad', 'Fear', 'Surprise', 'Happy', 'Sad', 'Happy', 'Happy', 'Happy', 'Happy', 'Happy', 'Fear', 'Happy', 'Sad', 'Sad', 'Surprise', 'Happy', 'Happy', 'Sad', 'Surprise', 'Happy', 'Happy', 'Fear', 'Fear', 'Fear', 'Sad', 'Sad', 'Happy', 'Happy', 'Sad', 'Happy', 'Fear', 'Fear', 'Happy', 'Happy', 'Fear', 'Happy', 'Happy', 'Sad', 'Happy', 'Surprise', 'Surprise', 'Happy', 'Fear', 'Happy', 'Surprise', 'Happy', 'Fear', 'Happy', 'Surprise', 'Happy', 'Happy', 'Fear', 'Happy', 'Angry', 'Surprise', 'Happy']"
Subtitles_Final_Dataset/NonViolence Subtitles\TABISLY5.txt,"['Sad', 'Surprise', 'Happy', 'Happy', 'Surprise', 'Fear', 'Surprise', 'Happy', 'Happy', 'Sad', 'Fear', 'Happy', 'Fear', 'Happy', 'Fear', 'Fear', 'Happy', 'Surprise', 'Happy', 'Happy', 'Happy', 'Sad', 'Surprise', 'Surprise', 'Happy', 'Happy', 'Happy', 'Happy', 'Happy', 'Fear', 'Fear', 'Surprise', 'Sad', 'Fear', 'Surprise', 'Happy', 'Sad', 'Happy', 'Happy', 'Happy', 'Happy', 'Happy', 'Fear', 'Happy', 'Sad', 'Sad', 'Surprise', 'Happy', 'Happy', 'Sad', 'Surprise', 'Happy', 'Happy', 'Fear', 'Fear', 'Fear', 'Sad', 'Sad', 'Happy', 'Happy', 'Sad', 'Happy', 'Fear', 'Fear', 'Happy', 'Happy', 'Fear', 'Happy', 'Happy', 'Sad', 'Happy', 'Surprise', 'Surprise', 'Happy', 'Fear', 'Happy', 'Surprise', 'Happy', 'Fear', 'Happy', 'Surprise', 'Happy', 'Happy', 'Fear', 'Happy', 'Angry', 'Surprise', 'Happy']"
Subtitles_Final_Dataset/NonViolence Subtitles\TABISLY6.txt,"['Happy', 'Happy', 'Surprise', 'Happy', 'Happy', 'Fear', 'Happy', 'Happy', 'Surprise', 'Fear', 'Happy', 'Happy', 'Sad', 'Happy', 'Fear', 'Fear', 'Fear', 'Sad', 'Happy', 'Happy', 'Happy', 'Happy', 'Happy', 'Sad', 'Happy', 'Happy', 'Happy', 'Surprise', 'Sad', 'Happy', 'Fear', 'Happy', 'Sad', 'Sad', 'Happy', 'Happy', 'Happy', 'Happy', 'Happy', 'Happy', 'Angry', 'Angry', 'Fear', 'Sad', 'Happy', 'Happy', 'Angry', 'Happy', 'Surprise', 'Surprise', 'Happy', 'Happy', 'Fear', 'Happy', 'Happy', 'Surprise', 'Fear', 'Sad', 'Sad', 'Happy', 'Happy', 'Happy', 'Sad', 'Angry', 'Happy', 'Fear', 'Surprise', 'Surprise', 'Surprise', 'Sad', 'Happy', 'Surprise', 'Fear', 'Happy', 'Fear', 'Fear', 'Sad', 'Happy', 'Happy', 'Happy', 'Fear', 'Happy', 'Surprise', 'Happy', 'Happy', 'Fear', 'Happy', 'Happy', 'Surprise', 'Happy', 'Happy', 'Sad', 'Happy', 'Happy', 'Fear', 'Sad', 'Angry', 'Happy', 'Happy', 'Surprise', 'Surprise', 'Sad', 'Happy', 'Happy', 'Happy', 'Happy', 'Happy', 'Happy', 'Surprise', 'Happy', 'Happy', 'Happy', 'Happy', 'Happy', 'Sad', 'Sad', 'Fear', 'Happy', 'Happy', 'Happy', 'Happy', 'Happy', 'Sad', 'Happy', 'Happy', 'Fear', 'Surprise', 'Surprise', 'Happy', 'Sad', 'Happy', 'Surprise', 'Happy', 'Happy', 'Surprise', 'Happy', 'Surprise', 'Happy', 'Happy', 'Happy', 'Happy', 'Happy', 'Happy', 'Happy', 'Sad', 'Sad', 'Happy', 'Happy', 'Happy']"
Subtitles_Final_Dataset/NonViolence Subtitles\TABISLY7.txt,"['Surprise', 'Surprise', 'Fear', 'Happy', 'Angry', 'Angry', 'Fear', 'Happy', 'Fear', 'Happy', 'Happy', 'Happy', 'Sad', 'Happy', 'Surprise', 'Happy', 'Happy', 'Fear', 'Happy', 'Fear', 'Angry', 'Sad', 'Angry', 'Happy', 'Happy', 'Happy', 'Angry', 'Sad', 'Happy', 'Sad', 'Sad', 'Fear', 'Fear', 'Happy', 'Sad', 'Fear', 'Happy', 'Sad', 'Angry', 'Sad', 'Angry', 'Angry', 'Happy', 'Angry', 'Sad', 'Surprise', 'Surprise', 'Surprise', 'Happy', 'Happy', 'Sad', 'Happy', 'Happy', 'Happy', 'Surprise', 'Sad', 'Happy', 'Sad', 'Happy', 'Surprise', 'Surprise', 'Happy', 'Sad', 'Sad', 'Surprise', 'Happy', 'Happy', 'Happy', 'Surprise']"
Subtitles_Final_Dataset/NonViolence Subtitles\TABISLY8.txt,"['Happy', 'Surprise', 'Surprise', 'Happy', 'Surprise', 'Sad', 'Happy', 'Surprise', 'Happy', 'Happy', 'Sad', 'Angry', 'Happy', 'Angry', 'Sad', 'Fear', 'Happy', 'Happy', 'Happy', 'Happy', 'Fear', 'Happy', 'Fear', 'Surprise', 'Happy', 'Happy', 'Happy', 'Sad', 'Happy', 'Happy', 'Surprise', 'Happy', 'Happy', 'Happy', 'Surprise', 'Happy', 'Happy', 'Happy', 'Happy', 'Happy', 'Happy', 'Surprise', 'Surprise']"
Subtitles_Final_Dataset/NonViolence Subtitles\TABISLY9.txt,"['Surprise', 'Fear', 'Happy', 'Happy', 'Surprise', 'Happy', 'Happy', 'Happy', 'Happy', 'Fear', 'Sad', 'Fear', 'Surprise', 'Sad', 'Sad', 'Happy', 'Surprise', 'Happy', 'Surprise', 'Happy', 'Fear', 'Sad', 'Happy', 'Surprise', 'Happy', 'Surprise', 'Angry', 'Happy', 'Happy', 'Happy', 'Surprise', 'Fear', 'Happy', 'Sad', 'Happy', 'Sad', 'Surprise', 'Happy', 'Happy', 'Happy', 'Surprise', 'Angry', 'Happy', 'Happy', 'Happy', 'Happy', 'Happy', 'Happy', 'Fear', 'Happy', 'Surprise', 'Sad', 'Happy', 'Happy', 'Sad', 'Happy', 'Surprise', 'Happy', 'Happy', 'Sad', 'Happy', 'Happy', 'Surprise', 'Sad', 'Sad', 'Surprise', 'Happy', 'Happy', 'Angry', 'Happy', 'Angry', 'Sad', 'Happy', 'Sad', 'Sad', 'Happy', 'Happy', 'Happy', 'Happy', 'Happy', 'Sad', 'Fear', 'Happy', 'Happy', 'Sad', 'Sad', 'Happy', 'Happy', 'Happy', 'Surprise', 'Happy', 'Happy', 'Happy', 'Happy', 'Happy', 'Sad', 'Sad', 'Surprise', 'Happy', 'Fear', 'Surprise', 'Happy', 'Happy', 'Happy', 'Happy', 'Happy', 'Angry', 'Fear', 'Surprise', 'Happy', 'Happy', 'Happy', 'Fear', 'Happy', 'Surprise', 'Surprise', 'Sad', 'Happy', 'Surprise', 'Happy', 'Happy', 'Fear', 'Sad', 'Happy', 'Happy', 'Happy', 'Happy', 'Happy', 'Happy', 'Happy', 'Sad', 'Happy', 'Happy']"
Subtitles_Final_Dataset/NonViolence Subtitles\wrath of man 1.txt,"['Surprise', 'Happy', 'Happy', 'Surprise', 'Happy', 'Angry', 'Fear', 'Happy', 'Happy', 'Happy', 'Fear', 'Fear', 'Angry', 'Surprise', 'Surprise', 'Happy', 'Sad', 'Sad', 'Surprise', 'Happy', 'Happy', 'Surprise', 'Fear', 'Happy', 'Happy', 'Sad', 'Surprise', 'Fear', 'Fear', 'Happy', 'Happy', 'Happy', 'Happy', 'Angry', 'Sad', 'Sad', 'Happy', 'Fear', 'Surprise', 'Surprise', 'Sad']"
Subtitles_Final_Dataset/NonViolence Subtitles\wrath of man 2.txt,"['Happy', 'Happy', 'Happy', 'Fear', 'Happy', 'Sad', 'Fear', 'Happy', 'Happy', 'Fear', 'Happy', 'Fear', 'Angry', 'Happy', 'Surprise', 'Surprise', 'Sad', 'Happy', 'Fear', 'Surprise', 'Surprise', 'Surprise', 'Happy', 'Sad', 'Surprise', 'Sad', 'Happy', 'Surprise', 'Fear', 'Happy', 'Happy', 'Happy', 'Happy', 'Happy', 'Happy', 'Fear', 'Fear', 'Fear', 'Happy', 'Happy', 'Sad', 'Happy', 'Happy', 'Angry', 'Fear', 'Fear', 'Surprise', 'Happy', 'Sad', 'Fear', 'Happy', 'Happy', 'Happy', 'Surprise', 'Happy', 'Happy', 'Fear', 'Happy', 'Happy', 'Happy', 'Surprise', 'Happy', 'Happy', 'Fear', 'Sad', 'Happy', 'Happy', 'Sad', 'Fear', 'Angry', 'Happy', 'Happy', 'Happy', 'Happy', 'Happy']"
Subtitles_Final_Dataset/NonViolence Subtitles\wrath of man 3.txt,"['Fear', 'Happy', 'Sad', 'Happy', 'Fear', 'Surprise', 'Happy', 'Happy', 'Happy', 'Happy', 'Fear', 'Happy', 'Sad', 'Happy', 'Sad', 'Surprise', 'Sad', 'Happy', 'Happy', 'Sad', 'Happy', 'Happy', 'Sad', 'Sad', 'Happy']"
Subtitles_Final_Dataset/NonViolence Subtitles\wrath of man 4.txt,"['Happy', 'Fear', 'Happy', 'Sad', 'Happy', 'Sad', 'Happy', 'Happy', 'Fear', 'Happy', 'Happy', 'Happy', 'Happy', 'Happy', 'Sad', 'Happy', 'Happy', 'Happy', 'Surprise', 'Happy', 'Happy', 'Fear', 'Happy', 'Happy', 'Fear', 'Sad', 'Sad', 'Happy', 'Surprise', 'Happy', 'Happy', 'Happy', 'Sad', 'Surprise', 'Happy', 'Happy', 'Fear', 'Fear', 'Happy', 'Surprise', 'Happy', 'Fear', 'Surprise', 'Happy', 'Happy', 'Happy', 'Fear', 'Surprise', 'Happy', 'Happy', 'Sad', 'Happy', 'Happy']"
